StockCode,Description,UnitPrice
A001,Coffee Mug,3.50
A002,Tea Cup,2.50
A003,Sugar Bowl,4.25
A004,Coffee Beans,5.50
A005,Tea Bags,3.25
B001,Notebook,1.75
B002,Ballpoint Pen,0.75
B003,Pencil Set,2.25
B004,Eraser Pack,1.25
C001,Desk Lamp,12.99
C002,Desk Organizer,8.50
C003,Desk Mat,15.50
D001,Picture Frame,7.99
D002,Wall Clock,14.50